Start;End;Sleep Quality;Regularity;Mood;Heart rate (bpm);Steps;Alarm mode;Air Pressure (Pa);City;Movements per hour;Time in bed (seconds);Time asleep (seconds);Time before sleep (seconds);Window start;Window stop;Did snore;Snore time;Weather temperature (Â°C);Weather type;Notes
2020-09-13 00:21:26;2020-09-13 10:20:17;93%;0%;;0;0;Normal;102.3;;43.4;35930.6;30780.5;2395.4;2020-09-13 10:00:00;2020-09-13 10:30:00;true;1296.6;0.0;No weather;
2020-09-13 23:20:45;2020-09-14 07:00:39;85%;0%;;0;0;Normal;102.5;;33.4;27593.8;22535.0;2391.5;2020-09-14 07:00:00;2020-09-14 07:00:00;true;0.0;0.0;No weather;
2020-09-14 21:27:55;2020-09-15 06:45:21;85%;82%;;0;0;Normal;102.2;;44.6;33445.4;29654.9;668.9;2020-09-15 06:45:00;2020-09-15 06:45:00;true;443.4;0.0;No weather;
2020-09-15 22:15:13;2020-09-16 06:50:54;98%;87%;;0;0;Normal;101.8;;32.3;30940.9;27640.5;2165.9;2020-09-16 06:50:00;2020-09-16 06:50:00;true;331.7;0.0;No weather;
2020-09-16 22:11:41;2020-09-17 06:50:40;80%;91%;;0;0;Normal;102.7;;45.3;31138.7;25637.5;2802.5;2020-09-17 06:50:00;2020-09-17 06:50:00;true;250.0;0.0;No weather;
2020-09-18 00:20:25;2020-09-18 09:06:35;92%;85%;;0;12017;Normal;102.7;;38.5;31569.3;29885.6;1683.7;2020-09-18 09:00:00;2020-09-18 09:30:00;true;656.4;0.0;No weather;
2020-09-19 03:26:49;2020-09-19 11:50:58;76%;71%;;0;11212;Normal;102.0;;47.6;30248.7;23997.3;1109.1;2020-09-19 12:00:00;2020-09-19 12:30:00;true;306.7;0.0;No weather;
2020-09-20 22:50:14;2020-09-21 07:00:44;88%;36%;;0;11622;Normal;101.8;;38.2;29430.5;25996.9;1667.7;2020-09-21 07:00:00;2020-09-21 07:00:00;true;102.6;0.0;No weather;
2020-09-21 22:10:52;2020-09-22 07:00:25;75%;58%;;0;8388;Normal;101.3;;53.0;31773.1;27324.9;1270.9;2020-09-22 07:00:00;2020-09-22 07:00:00;true;2354.7;0.0;No weather;
2020-09-22 21:54:34;2020-09-23 07:15:54;76%;95%;;0;10950;Normal;100.4;;56.6;33679.7;27056.0;6623.7;2020-09-23 07:15:00;2020-09-23 07:15:00;true;968.2;0.0;No weather;
2020-09-23 21:35:41;2020-09-24 07:30:33;74%;95%;;0;6462;Normal;99.6;;65.0;35692.0;30933.1;1784.6;2020-09-24 07:30:00;2020-09-24 07:30:00;true;0.0;0.0;No weather;
2020-09-25 00:03:57;2020-09-25 07:34:30;85%;90%;;0;5849;Normal;99.2;;36.3;27033.7;23068.8;540.7;2020-09-25 08:00:00;2020-09-25 08:00:00;true;0.0;0.0;No weather;
2020-09-25 23:41:48;2020-09-26 08:35:36;100%;88%;;0;5035;Normal;99.1;;34.1;32028.4;29145.8;640.6;2020-09-26 08:30:00;2020-09-26 08:30:00;true;601.9;0.0;No weather;
2020-09-27 02:45:30;2020-09-27 11:08:34;66%;74%;;0;4760;Normal;99.6;;74.9;30183.9;27165.5;603.7;2020-09-27 11:00:00;2020-09-27 11:30:00;true;465.1;0.0;No weather;
2020-09-28 22:16:36;2020-09-29 07:00:27;84%;41%;;0;8749;Normal;100.9;;52.8;31430.7;27239.9;628.6;2020-09-29 07:00:00;2020-09-29 07:30:00;true;416.4;0.0;No weather;
2020-09-29 23:14:35;2020-09-30 07:29:13;75%;58%;;0;4096;Normal;101.3;;59.4;29677.6;25423.8;593.6;2020-09-30 07:15:00;2020-09-30 07:45:00;true;0.0;0.0;No weather;
2020-10-01 00:56:56;2020-10-01 07:00:38;66%;85%;;0;6471;Normal;100.4;;41.3;21822.2;19421.8;436.4;2020-10-01 07:15:00;2020-10-01 07:45:00;true;625.4;0.0;No weather;
2020-10-01 21:57:35;2020-10-02 08:34:28;96%;77%;;0;6734;Normal;99.7;;42.8;38213.6;33373.2;764.3;2020-10-02 08:30:00;2020-10-02 09:00:00;true;80.7;0.0;No weather;
2020-10-03 00:39:59;2020-10-03 09:23:32;95%;72%;;0;828;Normal;99.0;;40.2;31412.5;25863.0;3769.5;2020-10-03 09:00:00;2020-10-03 09:30:00;true;1124.4;0.0;No weather;
2020-10-06 00:17:56;2020-10-06 07:00:00;74%;77%;;0;0;Normal;99.5;;38.8;24123.8;21068.1;482.5;2020-10-06 08:30:00;2020-10-06 08:30:00;false;0.0;0.0;No weather;
2020-10-07 01:17:51;2020-10-07 09:30:44;85%;71%;;0;189;Normal;99.7;;45.5;29573.8;26024.9;2267.3;2020-10-07 09:30:00;2020-10-07 09:30:00;true;97.9;0.0;No weather;
2020-10-08 01:20:44;2020-10-08 09:30:31;86%;85%;;0;190;Normal;101.3;;43.8;29387.0;26154.5;1371.4;2020-10-08 09:30:00;2020-10-08 09:30:00;true;1038.4;0.0;No weather;
2020-10-09 00:24:59;2020-10-09 09:01:35;85%;86%;;0;244;Normal;101.5;;49.8;30996.1;26966.6;4029.5;2020-10-09 09:00:00;2020-10-09 09:00:00;true;2653.6;0.0;No weather;
2020-10-10 01:59:40;2020-10-10 10:36:03;80%;87%;;0;590;Normal;101.5;;55.5;30983.0;25406.0;619.7;2020-10-10 10:30:00;2020-10-10 10:30:00;true;142.6;0.0;No weather;
2020-10-11 04:48:13;2020-10-11 12:01:21;79%;76%;;0;396;Normal;101.7;;39.1;25988.3;23822.6;519.8;2020-10-11 12:00:00;2020-10-11 12:00:00;true;0.0;0.0;No weather;
2020-10-13 00:07:23;2020-10-13 07:00:44;71%;61%;;0;1414;Normal;101.3;;50.2;24801.1;20667.6;4133.5;2020-10-13 07:00:00;2020-10-13 07:00:00;true;0.0;0.0;No weather;
2020-10-13 21:06:00;2020-10-14 06:47:39;88%;46%;;0;6573;Normal;101.4;;50.1;34899.0;28617.1;1744.9;2020-10-14 07:30:00;2020-10-14 07:30:00;true;1229.8;0.0;No weather;
2020-10-14 23:45:02;2020-10-15 09:00:42;100%;66%;;0;5761;Normal;101.9;;37.6;33340.0;26783.2;1555.9;2020-10-15 09:00:00;2020-10-15 09:00:00;true;0.0;0.0;No weather;
2020-10-16 00:14:18;2020-10-16 09:31:11;99%;75%;;0;8494;Normal;102.2;;40.2;33412.3;28734.6;4677.7;2020-10-16 09:30:00;2020-10-16 09:30:00;true;281.8;0.0;No weather;
2020-10-17 01:11:17;2020-10-17 10:14:48;97%;79%;;0;7631;No alarm;102.1;;42.0;32610.6;30219.2;652.2;;;true;845.6;0.0;No weather;
2020-10-19 01:13:23;2020-10-19 10:05:50;99%;92%;;0;3765;Normal;102.0;;38.2;31947.5;28007.3;1916.8;2020-10-19 10:00:00;2020-10-19 10:00:00;true;1280.3;0.0;No weather;
2020-10-19 23:49:43;2020-10-20 08:45:48;88%;88%;;0;8509;Normal;101.3;;49.4;32164.7;25624.6;3859.8;2020-10-20 08:45:00;2020-10-20 08:45:00;true;803.7;0.0;No weather;
2020-10-20 22:13:11;2020-10-21 07:30:30;59%;77%;;0;7005;Normal;100.3;;90.4;33439.0;26862.7;668.8;2020-10-21 07:30:00;2020-10-21 07:30:00;true;1730.5;0.0;No weather;
2020-10-21 22:14:36;2020-10-22 07:00:29;88%;83%;;0;4099;Normal;99.8;;49.3;31552.9;25663.0;4207.0;2020-10-22 07:00:00;2020-10-22 07:00:00;true;61.2;0.0;No weather;
2020-10-23 00:47:04;2020-10-23 10:46:43;87%;73%;;0;9059;No alarm;100.9;;53.1;35978.6;29262.6;5636.6;;;true;4123.5;0.0;No weather;
2020-10-24 01:32:07;2020-10-24 10:54:33;94%;79%;;0;2961;No alarm;100.8;;45.6;33745.6;28908.7;2587.2;;;true;0.0;0.0;No weather;
2020-10-25 02:42:29;2020-10-25 11:48:26;82%;69%;;0;18239;Normal;99.8;;59.0;32756.7;28389.1;4367.6;2020-10-25 12:00:00;2020-10-25 12:00:00;true;1597.3;0.0;No weather;
2020-10-26 00:29:11;2020-10-26 09:16:03;95%;70%;;0;9246;Normal;99.8;;42.4;31612.5;28345.9;632.2;2020-10-26 09:00:00;2020-10-26 09:30:00;true;2340.8;0.0;No weather;
2020-10-27 00:46:54;2020-10-27 09:30:32;82%;70%;;0;6154;Normal;99.9;;55.9;31417.9;26495.8;1570.9;2020-10-27 09:30:00;2020-10-27 09:30:00;true;547.5;0.0;No weather;
2020-10-28 01:13:28;2020-10-28 08:30:49;83%;77%;;0;4614;Normal;99.9;;36.4;26241.0;23616.9;1312.0;2020-10-28 08:30:00;2020-10-28 08:30:00;true;3610.5;0.0;No weather;
2020-10-28 23:13:55;2020-10-29 08:36:51;93%;88%;;0;3705;Normal;100.2;;46.6;33776.7;29610.9;675.5;2020-10-29 08:30:00;2020-10-29 08:30:00;true;1082.1;0.0;No weather;
2020-10-30 01:20:17;2020-10-30 09:32:53;82%;82%;;65;2954;Normal;101.1;;49.8;29555.7;25713.5;591.1;2020-10-30 09:30:00;2020-10-30 10:00:00;true;283.9;0.0;No weather;
2020-11-02 02:19:43;2020-11-02 10:00:49;59%;88%;;54;1588;Normal;100.0;;74.7;27665.8;24899.2;553.3;2020-11-02 10:00:00;2020-11-02 10:00:00;true;780.0;0.0;No weather;
2020-11-03 01:02:38;2020-11-03 09:30:36;94%;85%;;55;6185;Normal;101.4;;39.9;30477.6;27937.8;2539.8;2020-11-03 09:30:00;2020-11-03 09:30:00;true;960.0;0.0;No weather;
2020-11-04 00:46:28;2020-11-04 09:30:40;89%;91%;;51;4155;Normal;102.2;;48.9;31452.3;25686.1;1677.5;2020-11-04 09:30:00;2020-11-04 09:30:00;true;731.0;0.0;No weather;
2020-11-05 01:55:13;2020-11-05 10:31:30;94%;88%;;54;1642;Normal;103.6;;41.2;30976.7;25194.4;2684.6;2020-11-05 10:30:00;2020-11-05 10:30:00;true;387.4;0.0;No weather;
2020-11-06 01:30:08;2020-11-06 09:56:24;90%;90%;;55;1693;Normal;103.5;;44.2;30376.0;25414.6;2430.1;2020-11-06 10:00:00;2020-11-06 10:00:00;true;720.0;0.0;No weather;
2020-11-07 01:11:00;2020-11-07 09:31:18;85%;89%;;59;1447;Normal;102.4;;48.4;30017.4;25314.7;1200.7;2020-11-07 09:30:00;2020-11-07 09:30:00;true;810.0;0.0;No weather;
2020-11-08 01:11:25;2020-11-08 10:44:29;76%;92%;;54;2822;No alarm;102.0;;66.4;34384.8;28997.8;687.7;;;true;245.5;0.0;No weather;
2020-11-09 01:26:08;2020-11-09 09:45:43;84%;91%;;54;1278;Normal;102.1;;50.3;29974.8;25378.7;1598.7;2020-11-09 09:30:00;2020-11-09 10:00:00;true;442.2;0.0;No weather;
2020-11-09 23:53:17;2020-11-10 08:30:30;86%;85%;;53;3605;Normal;102.2;;51.5;31033.3;27102.4;3103.3;2020-11-10 08:30:00;2020-11-10 08:30:00;true;238.5;0.0;No weather;
2020-11-10 23:40:31;2020-11-11 08:42:02;89%;88%;;57;1740;Normal;102.5;;52.2;32491.6;24585.3;1949.5;2020-11-11 08:30:00;2020-11-11 08:30:00;true;271.2;0.0;No weather;
2020-11-12 00:35:55;2020-11-12 09:51:16;88%;85%;;58;3472;No alarm;101.5;;53.1;33320.6;26434.4;2110.3;;;true;3537.4;0.0;No weather;
2020-11-13 01:01:28;2020-11-13 10:00:53;82%;91%;;60;1684;Normal;101.6;;58.8;32365.0;27510.3;647.3;2020-11-13 10:00:00;2020-11-13 10:00:00;true;1928.8;0.0;No weather;
2020-11-14 01:54:20;2020-11-14 10:50:49;98%;88%;;58;10763;No alarm;101.4;;42.6;32188.1;28110.9;1716.7;;;true;2273.4;0.0;No weather;
2020-11-15 02:53:17;2020-11-15 11:39:14;87%;89%;;61;2793;No alarm;100.5;;51.5;31557.5;27349.9;2524.6;;;true;1002.7;0.0;No weather;
2020-11-16 02:26:05;2020-11-16 11:00:39;93%;87%;;58;1400;Normal;100.0;;43.1;30873.8;25934.0;2984.5;2020-11-16 11:00:00;2020-11-16 11:00:00;true;2248.5;0.0;No weather;
2020-11-17 23:44:28;2020-11-18 09:01:00;88%;76%;;58;4252;Normal;102.2;;53.3;33392.1;26157.1;667.8;2020-11-18 09:00:00;2020-11-18 09:00:00;true;374.3;0.0;No weather;
2020-11-19 00:46:52;2020-11-19 09:08:32;75%;76%;;56;1931;Normal;101.2;;60.2;30100.8;26890.0;1806.0;2020-11-19 09:00:00;2020-11-19 09:30:00;true;203.0;0.0;No weather;
2020-11-20 00:04:51;2020-11-20 08:51:34;80%;91%;;58;5101;Normal;103.0;;59.7;31603.7;25072.2;4319.2;2020-11-20 08:30:00;2020-11-20 09:00:00;true;2074.0;0.0;No weather;
2020-11-21 02:40:16;2020-11-21 10:36:50;70%;82%;;57;4973;No alarm;102.7;;62.7;28594.7;21731.9;1429.7;;;true;1380.0;0.0;No weather;
2020-11-22 01:51:38;2020-11-22 11:32:18;83%;80%;;59;4221;No alarm;102.1;;58.7;34840.1;28452.8;2671.1;;;true;951.1;0.0;No weather;
2020-11-24 00:40:07;2020-11-24 08:43:20;80%;76%;;56;1901;Normal;102.3;;52.4;28992.7;24643.8;1546.3;2020-11-24 09:30:00;2020-11-24 09:30:00;true;190.2;0.0;No weather;
2020-11-25 01:01:54;2020-11-25 09:31:04;76%;78%;;61;2711;Normal;101.4;;60.9;30550.2;25356.7;1731.2;2020-11-25 09:30:00;2020-11-25 09:30:00;true;1014.8;0.0;No weather;
2020-11-25 23:54:31;2020-11-26 09:35:33;79%;90%;;60;3892;Normal;101.6;;63.0;34861.2;27772.7;3718.5;2020-11-26 09:30:00;2020-11-26 09:30:00;true;799.9;0.0;No weather;
2020-11-27 00:47:01;2020-11-27 10:36:03;62%;88%;;58;2123;Normal;101.9;;84.8;35341.8;30040.6;5301.3;2020-11-27 10:30:00;2020-11-27 10:30:00;true;2660.9;0.0;No weather;
2020-11-28 03:47:10;2020-11-28 12:37:09;59%;77%;;57;1614;Normal;101.8;;90.0;31798.9;25651.1;636.0;2020-11-28 12:30:00;2020-11-28 12:30:00;true;664.3;0.0;No weather;
2020-11-29 02:13:47;2020-11-29 11:21:52;79%;73%;;58;10268;No alarm;102.4;;66.4;32885.2;27623.6;657.7;;;true;2497.3;0.0;No weather;
2020-11-30 00:40:43;2020-11-30 09:30:44;73%;69%;;55;1820;Normal;102.6;;72.5;31800.1;29256.1;636.0;2020-11-30 09:30:00;2020-11-30 09:30:00;true;1200.0;0.0;No weather;
2020-12-01 00:59:49;2020-12-01 10:00:59;71%;80%;;0;2798;Normal;101.0;;77.4;32470.2;26733.8;4545.8;2020-12-01 10:00:00;2020-12-01 10:00:00;true;1081.7;0.0;No weather;
2020-12-02 00:49:23;2020-12-02 09:31:00;67%;86%;;61;6412;Normal;102.0;;82.0;31297.1;25142.0;3129.7;2020-12-02 09:30:00;2020-12-02 09:30:00;true;184.9;0.0;No weather;
2020-12-03 01:47:18;2020-12-03 09:25:38;79%;93%;;0;2620;Normal;100.4;;51.0;27500.1;24475.1;1375.0;2020-12-03 10:30:00;2020-12-03 10:30:00;true;4235.6;0.0;No weather;
2020-12-04 00:28:12;2020-12-04 09:01:16;66%;90%;;56;1120;Normal;98.1;;82.9;30784.7;26372.2;3591.5;2020-12-04 09:00:00;2020-12-04 09:00:00;true;806.1;0.0;No weather;
2020-12-05 02:28:57;2020-12-05 11:20:00;87%;80%;;58;6327;No alarm;99.1;;58.0;31862.9;26340.0;849.7;;;true;436.7;0.0;No weather;
2020-12-06 04:30:52;2020-12-06 11:44:23;84%;76%;;68;8062;No alarm;100.0;;37.1;26011.3;23843.7;520.2;;;true;1623.8;0.0;No weather;
2020-12-07 00:57:23;2020-12-07 10:28:03;88%;68%;;61;798;Normal;99.7;;57.5;34240.0;30131.2;1826.1;2020-12-07 10:30:00;2020-12-07 10:30:00;true;2432.6;0.0;No weather;
2020-12-07 23:57:06;2020-12-08 10:31:29;57%;77%;;70;2029;Normal;99.9;;104.8;38062.9;35144.7;761.3;2020-12-08 10:30:00;2020-12-08 10:30:00;true;3505.3;0.0;No weather;
2020-12-09 00:15:55;2020-12-09 08:40:07;84%;78%;;66;3311;Normal;100.6;;56.1;30252.5;23597.0;2016.8;2020-12-09 09:00:00;2020-12-09 09:00:00;true;833.8;0.0;No weather;
2020-12-09 23:53:08;2020-12-10 09:43:12;78%;87%;;0;7271;No alarm;100.6;;72.7;35403.8;29385.2;3776.4;;;true;441.2;0.0;No weather;
2020-12-11 00:52:36;2020-12-11 10:06:45;84%;86%;;62;3534;No alarm;99.9;;65.7;33249.3;27596.9;665.0;;;true;2178.2;0.0;No weather;
2020-12-12 01:57:17;2020-12-12 10:28:11;81%;88%;;61;1556;No alarm;98.9;;63.6;30653.6;26464.3;1124.0;;;true;632.0;0.0;No weather;
2020-12-13 02:33:31;2020-12-13 11:03:39;86%;89%;;62;1347;Normal;100.4;;55.4;30608.0;28465.4;612.2;2020-12-13 11:00:00;2020-12-13 11:00:00;true;557.8;0.0;No weather;
2020-12-14 01:24:00;2020-12-14 10:01:12;78%;87%;;51;8621;Normal;100.2;;68.9;31031.9;26480.5;2172.2;2020-12-14 10:00:00;2020-12-14 10:00:00;true;1221.3;0.0;No weather;
2020-12-15 02:01:50;2020-12-15 09:59:12;81%;89%;;53;1939;Normal;100.3;;55.3;28641.6;25300.1;572.8;2020-12-15 10:00:00;2020-12-15 10:00:00;true;416.1;0.0;No weather;
2020-12-16 01:49:26;2020-12-16 09:16:00;80%;89%;;55;1107;Normal;101.3;;48.2;26793.7;22328.1;1607.6;2020-12-16 09:15:00;2020-12-16 09:15:00;true;1166.2;0.0;No weather;
2020-12-17 00:37:53;2020-12-17 09:30:25;87%;92%;;55;1439;Normal;101.0;;60.0;31952.4;26627.0;1917.1;2020-12-17 09:30:00;2020-12-17 09:30:00;true;566.3;0.0;No weather;
2020-12-18 02:03:54;2020-12-18 09:30:10;79%;89%;;53;1674;Normal;101.8;;49.2;26775.5;20706.4;2856.1;2020-12-18 09:30:00;2020-12-18 09:30:00;true;840.0;0.0;No weather;
2020-12-19 02:46:56;2020-12-19 11:39:38;77%;84%;;113;4444;No alarm;101.1;;72.6;31962.1;28552.8;639.2;;;true;322.5;0.0;No weather;
2020-12-20 01:29:28;2020-12-20 10:30:46;89%;81%;;61;6378;Normal;101.1;;59.3;32477.7;26307.0;649.6;2020-12-20 10:30:00;2020-12-20 10:30:00;true;1476.0;0.0;No weather;
2020-12-22 02:04:34;2020-12-22 10:30:41;80%;30%;;56;4140;Normal;100.2;;63.1;30366.3;25001.6;607.3;2020-12-22 10:30:00;2020-12-22 10:30:00;true;1260.0;0.0;No weather;
2020-12-23 00:56:31;2020-12-23 09:45:14;86%;32%;;54;1019;Normal;101.2;;60.8;31722.8;26964.4;3912.5;2020-12-23 09:45:00;2020-12-23 09:45:00;true;1380.0;0.0;No weather;
2020-12-24 01:31:29;2020-12-24 10:30:20;100%;59%;;55;1018;Normal;100.3;;43.7;32331.7;28667.4;2263.2;2020-12-24 10:30:00;2020-12-24 10:30:00;true;67.0;0.0;No weather;
2020-12-25 03:00:00;2020-12-25 10:46:30;67%;86%;;0;1142;No alarm;102.1;;73.9;27989.8;21645.5;1586.1;;;true;81.8;0.0;No weather;
2020-12-26 02:42:37;2020-12-26 10:25:28;85%;90%;;54;2284;No alarm;102.2;;45.2;27771.5;22402.4;555.4;;;true;329.1;0.0;No weather;
2020-12-28 03:30:56;2020-12-28 11:15:32;83%;91%;;58;7122;No alarm;97.4;;49.3;27875.9;21650.3;1393.8;;;true;165.9;0.0;No weather;
2020-12-29 01:48:45;2020-12-29 10:00:46;92%;81%;;64;4700;Normal;97.8;;43.9;29521.6;23617.3;2853.8;2020-12-29 10:30:00;2020-12-29 10:30:00;true;1020.0;0.0;No weather;
2020-12-30 02:34:30;2020-12-30 10:20:27;73%;83%;;87;719;Normal;99.4;;63.8;27956.8;26093.0;1863.8;2020-12-30 10:30:00;2020-12-30 10:30:00;true;600.0;0.0;No weather;
2020-12-31 03:59:28;2020-12-31 11:36:39;86%;81%;;0;549;Normal;100.0;;42.4;27431.1;23773.6;2377.4;2020-12-31 12:55:00;2020-12-31 12:55:00;true;316.8;0.0;No weather;
2021-01-01 05:01:16;2021-01-01 13:02:01;83%;83%;;54;2138;No alarm;100.4;;53.8;28844.8;23364.3;1442.2;;;true;301.0;0.0;No weather;
2021-01-02 01:29:47;2021-01-02 09:30:35;80%;66%;;0;535;Normal;100.9;;57.1;28847.8;23943.7;2404.0;2021-01-02 09:30:00;2021-01-02 09:30:00;true;1020.0;0.0;No weather;
2021-01-03 03:00:51;2021-01-03 11:13:50;83%;65%;;51;2454;Normal;101.4;;56.5;29578.9;24846.3;887.4;2021-01-03 11:30:00;2021-01-03 11:30:00;true;124.9;0.0;No weather;
2021-01-04 01:28:32;2021-01-04 10:01:27;89%;64%;;54;6245;Normal;101.7;;52.8;30774.4;26568.5;1743.9;2021-01-04 10:00:00;2021-01-04 10:00:00;true;706.5;0.0;No weather;
2021-01-05 01:28:34;2021-01-05 10:00:45;84%;83%;;57;1002;Normal;101.7;;59.8;30731.4;22638.8;3278.0;2021-01-05 10:00:00;2021-01-05 10:00:00;true;78.1;0.0;No weather;
2021-01-06 02:16:14;2021-01-06 10:01:15;70%;90%;;56;1528;Normal;101.8;;68.8;27901.1;25111.0;558.0;2021-01-06 10:00:00;2021-01-06 10:00:00;true;435.0;0.0;No weather;
2021-01-07 03:40:36;2021-01-07 09:18:16;63%;92%;;55;348;Normal;101.2;;44.7;20260.4;15397.9;2161.1;2021-01-07 10:30:00;2021-01-07 10:30:00;true;120.0;0.0;No weather;
2021-01-08 02:11:03;2021-01-08 10:30:27;93%;84%;;54;1268;Normal;101.0;;44.9;29964.1;23971.3;1698.0;2021-01-08 10:30:00;2021-01-08 10:30:00;true;540.0;0.0;No weather;
2021-01-09 04:09:52;2021-01-09 11:48:45;80%;77%;;61;3177;No alarm;102.1;;52.9;27533.1;21292.3;550.7;;;true;122.2;0.0;No weather;
2021-01-10 03:28:35;2021-01-10 11:45:07;89%;81%;;0;1851;No alarm;102.3;;48.4;29792.0;25323.2;794.5;;;true;580.3;0.0;No weather;
2021-01-11 03:09:33;2021-01-11 10:00:45;69%;83%;;57;6181;Normal;101.8;;55.7;24671.3;17681.1;4111.9;2021-01-11 10:00:00;2021-01-11 10:00:00;true;240.0;0.0;No weather;
2021-01-12 02:37:14;2021-01-12 09:31:06;74%;89%;;53;1353;Normal;100.3;;49.9;24831.9;21603.8;496.6;2021-01-12 09:30:00;2021-01-12 09:30:00;true;180.0;0.0;No weather;
2021-01-13 02:44:11;2021-01-13 10:30:40;80%;88%;;56;1983;Normal;101.4;;54.1;27988.2;22017.4;2705.5;2021-01-13 10:30:00;2021-01-13 10:30:00;true;304.0;0.0;No weather;
2021-01-14 02:22:10;2021-01-14 10:30:52;87%;93%;;55;1281;Normal;101.6;;49.2;29321.5;25314.2;2345.7;2021-01-14 10:30:00;2021-01-14 10:30:00;true;840.0;0.0;No weather;
2021-01-15 02:18:35;2021-01-15 10:00:57;82%;94%;;53;3409;Normal;102.4;;49.7;27741.7;23857.9;1017.2;2021-01-15 10:00:00;2021-01-15 10:00:00;true;0.0;0.0;No weather;
2021-01-16 04:30:58;2021-01-16 13:00:43;87%;83%;;57;485;No alarm;102.6;;53.9;30585.2;28342.3;611.7;;;true;60.0;0.0;No weather;
2021-01-17 03:40:21;2021-01-17 11:00:34;82%;76%;;56;834;Normal;101.2;;44.0;26412.4;24211.3;704.3;2021-01-17 11:00:00;2021-01-17 11:00:00;true;600.0;0.0;No weather;
2021-01-18 01:56:01;2021-01-18 10:01:01;78%;70%;;51;6366;Normal;102.0;;61.0;29100.4;20564.3;1552.0;2021-01-18 10:00:00;2021-01-18 10:00:00;true;240.0;0.0;No weather;
2021-01-19 02:14:29;2021-01-19 10:00:56;80%;84%;;0;285;Normal;101.0;;53.4;27987.1;25188.3;559.7;2021-01-19 10:00:00;2021-01-19 10:00:00;true;360.0;0.0;No weather;
2021-01-19 10:01:03;2021-01-19 10:31:03;6%;45%;;0;31;Normal;99.9;;0.0;1800.0;1764.0;36.0;2021-01-19 10:30:00;2021-01-19 10:30:00;true;0.0;0.0;No weather;
2021-01-20 02:33:58;2021-01-20 10:01:02;72%;91%;;55;361;Normal;99.7;;60.7;26823.7;21727.2;1341.2;2021-01-20 10:00:00;2021-01-20 10:00:00;true;180.0;0.0;No weather;
2021-01-21 03:33:09;2021-01-21 10:00:26;59%;95%;;56;362;Normal;97.8;;66.0;23236.5;16730.3;4957.1;2021-01-21 10:00:00;2021-01-21 10:00:00;true;480.0;0.0;No weather;
2021-01-22 03:28:49;2021-01-22 09:53:51;75%;96%;;55;1454;Normal;98.3;;39.5;23101.9;18250.5;462.0;2021-01-22 10:30:00;2021-01-22 10:30:00;true;780.0;0.0;No weather;
2021-01-24 05:37:49;2021-01-24 13:26:11;77%;76%;;0;1638;No alarm;99.4;;58.0;28101.6;24542.0;1779.8;;;true;180.0;0.0;No weather;
2021-01-25 03:43:34;2021-01-25 10:06:41;68%;55%;;55;486;Normal;99.8;;49.8;22986.3;18618.9;2222.0;2021-01-25 10:00:00;2021-01-25 10:00:00;true;240.0;0.0;No weather;
2021-01-26 02:53:55;2021-01-26 10:31:14;71%;73%;;53;1816;Normal;100.8;;64.7;27439.1;23140.3;548.8;2021-01-26 10:30:00;2021-01-26 10:30:00;true;2681.6;0.0;No weather;
2021-01-27 02:40:47;2021-01-27 10:06:29;72%;80%;;59;549;Normal;101.1;;60.5;26741.9;21126.1;3209.0;2021-01-27 10:00:00;2021-01-27 10:00:00;true;300.0;0.0;No weather;
2021-01-28 03:33:30;2021-01-28 10:36:04;72%;91%;;0;747;Normal;100.6;;55.3;25353.4;21212.4;1352.2;2021-01-28 10:30:00;2021-01-28 10:30:00;true;1172.1;0.0;No weather;
2021-01-29 02:00:43;2021-01-29 10:34:15;87%;90%;;51;550;Normal;99.5;;55.0;30811.6;24443.9;1643.3;2021-01-29 10:30:00;2021-01-29 10:30:00;true;865.8;0.0;No weather;
2021-01-30 05:28:10;2021-01-30 13:59:40;91%;73%;;55;667;No alarm;100.2;;50.5;30690.0;30076.2;613.8;;;true;120.0;0.0;No weather;
2021-01-31 04:31:04;2021-01-31 12:20:43;86%;69%;;57;1252;No alarm;100.4;;46.1;28179.1;24328.0;563.6;;;true;600.0;0.0;No weather;
2021-02-01 01:52:54;2021-02-01 10:37:05;93%;62%;;58;621;Normal;99.2;;50.8;31451.0;25580.2;629.0;2021-02-01 10:30:00;2021-02-01 10:30:00;true;600.0;0.0;No weather;
2021-02-02 03:42:18;2021-02-02 10:31:14;81%;75%;;54;357;Normal;100.1;;37.0;24535.7;19710.3;2453.6;2021-02-02 10:30:00;2021-02-02 10:30:00;true;120.0;0.0;No weather;
2021-02-03 02:31:37;2021-02-03 08:09:23;59%;73%;;57;1892;Normal;99.4;;52.3;20265.7;17158.3;405.3;2021-02-03 10:00:00;2021-02-03 10:00:00;true;60.0;0.0;No weather;
2021-02-04 03:09:39;2021-02-04 10:31:42;76%;76%;;55;803;Normal;100.4;;53.9;26522.2;23604.7;972.5;2021-02-04 10:30:00;2021-02-04 10:30:00;true;504.9;0.0;No weather;
2021-02-05 03:26:30;2021-02-05 11:00:53;86%;80%;;56;1640;Normal;101.0;;42.8;27263.0;21810.4;3907.7;2021-02-05 11:00:00;2021-02-05 11:00:00;true;83.9;0.0;No weather;
2021-02-06 05:06:48;2021-02-06 11:56:32;75%;82%;;53;1463;No alarm;101.0;;46.2;24584.4;18684.2;1884.8;;;true;0.0;0.0;No weather;
2021-02-07 03:56:31;2021-02-07 12:33:32;37%;86%;;0;0;No alarm;100.2;;185.9;31020.5;16337.5;13959.2;;;false;0.0;0.0;No weather;
2021-02-08 03:00:42;2021-02-08 10:30:50;80%;80%;;74;1754;Normal;100.2;;49.7;27008.1;20706.2;3060.9;2021-02-08 10:30:00;2021-02-08 10:30:00;true;0.0;0.0;No weather;
2021-02-09 02:45:55;2021-02-09 09:06:58;74%;82%;;51;1848;Normal;100.5;;36.2;22863.9;20348.9;1752.9;2021-02-09 10:30:00;2021-02-09 10:30:00;true;120.0;0.0;No weather;
2021-02-10 02:57:46;2021-02-10 10:16:30;86%;83%;;0;0;Normal;100.9;;34.3;26324.5;18602.6;4036.4;2021-02-10 10:15:00;2021-02-10 10:15:00;true;120.0;0.0;No weather;
2021-02-11 02:00:14;2021-02-11 10:30:56;91%;88%;;68;1034;Normal;102.4;;48.7;30642.0;25024.3;612.8;2021-02-11 10:30:00;2021-02-11 10:30:00;true;2403.6;0.0;No weather;
2021-02-12 02:20:45;2021-02-12 10:24:20;90%;92%;;54;1074;Normal;103.2;;42.5;29014.7;27467.2;580.3;2021-02-12 10:30:00;2021-02-12 10:30:00;true;1377.1;0.0;No weather;
2021-02-13 04:42:01;2021-02-13 11:35:05;71%;86%;;114;1423;No alarm;103.8;;54.1;24784.1;19083.7;495.7;;;true;60.0;0.0;No weather;
2021-02-14 03:23:40;2021-02-14 08:23:06;44%;76%;;68;1480;No alarm;103.6;;74.7;17966.6;16050.1;359.3;;;true;191.5;0.0;No weather;
2021-02-14 08:33:15;2021-02-14 10:29:10;22%;19%;;61;81;No alarm;103.5;;36.0;6955.3;6816.1;139.1;;;true;0.0;0.0;No weather;
2021-02-15 03:02:24;2021-02-15 11:00:49;85%;69%;;53;1902;Normal;102.4;;49.2;28705.2;24973.6;2200.7;2021-02-15 11:00:00;2021-02-15 11:00:00;true;0.0;0.0;No weather;
2021-02-16 01:59:14;2021-02-16 09:27:25;75%;72%;;61;875;Normal;101.8;;57.2;26890.7;19630.2;4212.9;2021-02-16 10:30:00;2021-02-16 10:30:00;true;580.9;0.0;No weather;
2021-02-17 02:44:39;2021-02-17 10:30:36;89%;79%;;74;3042;Normal;100.9;;38.6;27956.4;25347.1;1677.4;2021-02-17 10:30:00;2021-02-17 10:30:00;true;198.4;0.0;No weather;
2021-02-18 01:59:02;2021-02-18 09:55:26;89%;84%;;65;1884;Normal;101.2;;41.0;28584.2;28012.5;571.7;2021-02-18 10:30:00;2021-02-18 10:30:00;true;0.0;0.0;No weather;
2021-02-19 01:56:35;2021-02-19 09:47:04;82%;91%;;102;4868;Normal;100.9;;51.7;28229.0;22206.8;564.6;2021-02-19 10:30:00;2021-02-19 10:30:00;true;0.0;0.0;No weather;
2021-02-21 02:06:33;2021-02-21 08:06:08;62%;92%;;54;4454;Normal;100.9;;54.1;21574.9;15533.9;2085.6;2021-02-21 08:00:00;2021-02-21 08:00:00;true;180.0;0.0;No weather;
2021-02-22 01:42:27;2021-02-22 10:01:36;73%;83%;;66;8799;Normal;101.2;;75.3;29949.7;25756.7;599.0;2021-02-22 10:00:00;2021-02-22 10:00:00;true;180.0;0.0;No weather;
2021-02-23 03:12:44;2021-02-23 10:00:52;62%;84%;;55;1132;Normal;102.3;;71.0;24488.1;21876.0;489.8;2021-02-23 10:00:00;2021-02-23 10:00:00;true;120.0;0.0;No weather;
2021-02-24 02:20:49;2021-02-24 10:00:59;85%;87%;;58;1608;Normal;102.6;;43.1;27609.9;26413.4;552.2;2021-02-24 10:00:00;2021-02-24 10:00:00;true;151.5;0.0;No weather;
2021-02-25 01:02:11;2021-02-25 10:00:29;100%;90%;;55;639;Normal;102.3;;40.0;32298.6;29607.1;2691.6;2021-02-25 10:00:00;2021-02-25 10:00:00;true;420.0;0.0;No weather;
2021-02-26 01:51:50;2021-02-26 09:27:24;78%;90%;;55;1800;Normal;103.0;;54.8;27334.1;22505.0;1366.7;2021-02-26 09:30:00;2021-02-26 09:30:00;true;60.0;0.0;No weather;
2021-02-28 01:17:59;2021-02-28 08:52:23;90%;89%;;58;4259;Normal;103.9;;31.3;27264.3;25992.0;545.3;2021-02-28 08:45:00;2021-02-28 08:45:00;true;983.8;0.0;No weather;
2021-03-01 01:06:09;2021-03-01 10:00:20;99%;90%;;65;6392;Normal;103.5;;42.6;32051.2;27670.8;641.0;2021-03-01 10:00:00;2021-03-01 10:00:00;true;240.0;0.0;No weather;
2021-03-02 01:33:02;2021-03-02 10:00:45;95%;93%;;55;2330;Normal;103.1;;41.8;30462.9;28736.7;609.3;2021-03-02 10:00:00;2021-03-02 10:00:00;true;120.0;0.0;No weather;
2021-03-03 02:38:43;2021-03-03 08:05:38;61%;87%;;63;1226;Normal;102.7;;41.4;19615.0;16149.7;2680.7;2021-03-03 08:00:00;2021-03-03 08:00:00;true;180.0;0.0;No weather;
2021-03-04 02:30:34;2021-03-04 10:00:50;86%;85%;;0;2160;Normal;102.2;;38.6;27015.6;26475.3;540.3;2021-03-04 10:00:00;2021-03-04 10:00:00;true;223.3;0.0;No weather;
2021-03-05 02:59:26;2021-03-05 09:30:29;76%;83%;;52;1942;Normal;102.4;;34.3;23463.3;18770.6;2893.8;2021-03-05 09:30:00;2021-03-05 09:30:00;true;65.4;0.0;No weather;
2021-03-06 04:51:39;2021-03-06 12:05:33;79%;79%;;75;2323;Normal;103.3;;45.8;26034.0;23257.1;520.7;2021-03-06 12:05:00;2021-03-06 12:05:00;true;372.3;0.0;No weather;
2021-03-07 02:24:39;2021-03-07 09:31:09;77%;71%;;0;9094;Normal;102.8;;46.6;25590.1;20472.1;511.8;2021-03-07 09:30:00;2021-03-07 09:30:00;true;360.0;0.0;No weather;
2021-03-08 03:02:05;2021-03-08 10:00:48;76%;71%;;54;7980;Normal;102.2;;45.5;25123.1;20266.0;2093.6;2021-03-08 10:00:00;2021-03-08 10:00:00;true;120.0;0.0;No weather;
2021-03-09 02:43:56;2021-03-09 10:30:53;85%;81%;;56;1715;Normal;101.6;;44.1;28016.9;25495.4;560.3;2021-03-09 10:30:00;2021-03-09 10:30:00;true;360.0;0.0;No weather;
2021-03-10 03:16:04;2021-03-10 10:53:34;82%;92%;;56;1575;Normal;101.6;;47.8;27450.8;22875.6;2104.6;2021-03-10 10:30:00;2021-03-10 10:30:00;true;60.0;0.0;No weather;
2021-03-11 03:18:25;2021-03-11 09:54:37;48%;92%;;56;1472;Normal;99.3;;95.6;23771.7;18858.9;475.4;2021-03-11 10:30:00;2021-03-11 10:30:00;true;60.0;0.0;No weather;
2021-03-12 03:07:59;2021-03-12 10:00:41;69%;94%;;58;1244;Normal;100.1;;57.9;24762.0;18571.5;4044.5;2021-03-12 10:00:00;2021-03-12 10:00:00;true;240.0;0.0;No weather;
2021-03-13 02:24:16;2021-03-13 08:41:58;65%;91%;;57;815;Normal;99.4;;54.1;22661.6;19111.3;453.2;2021-03-13 08:30:00;2021-03-13 08:30:00;true;300.0;0.0;No weather;
2021-03-14 01:37:14;2021-03-14 09:11:37;94%;90%;;59;10702;Normal;99.8;;24.7;27262.5;24263.6;545.3;2021-03-14 10:30:00;2021-03-14 10:30:00;true;280.0;0.0;No weather;
2021-03-15 01:14:47;2021-03-15 09:00:40;89%;89%;;61;3271;Normal;100.7;;37.2;27953.2;23480.7;1770.4;2021-03-15 09:00:00;2021-03-15 09:00:00;true;370.9;0.0;No weather;
2021-03-16 01:04:11;2021-03-16 07:03:13;67%;89%;;62;1431;Normal;102.0;;40.9;21541.4;19746.3;1292.5;2021-03-16 07:00:00;2021-03-16 07:00:00;true;360.0;0.0;No weather;
2021-03-17 02:29:40;2021-03-17 11:42:13;90%;76%;;0;6204;No alarm;102.5;;57.2;33152.8;30832.1;663.1;;;true;0.0;0.0;No weather;
2021-03-18 01:46:50;2021-03-18 07:15:48;62%;63%;;56;2232;Normal;102.6;;40.1;19737.4;14803.1;3026.4;2021-03-18 07:15:00;2021-03-18 07:15:00;true;120.0;0.0;No weather;
2021-03-19 02:39:03;2021-03-19 10:29:30;91%;57%;;61;3864;Normal;102.1;;35.7;28227.3;26251.4;564.5;2021-03-19 10:30:00;2021-03-19 10:30:00;true;120.0;0.0;No weather;
2021-03-20 02:59:47;2021-03-20 11:14:24;95%;71%;;73;4233;No alarm;102.7;;36.8;29676.8;27005.9;593.5;;;true;0.0;0.0;No weather;
2021-03-20 19:46:44;2021-03-20 21:30:09;22%;37%;;0;3939;Normal;102.5;;0.0;6205.1;5850.0;210.0;2021-03-20 21:20:00;2021-03-20 21:50:00;true;0.0;0.0;No weather;
2021-03-21 06:50:45;2021-03-21 12:54:58;68%;-11%;;0;102;Normal;102.2;;10797.0;21853.3;20610.0;180.0;2021-03-21 13:00:00;2021-03-21 13:00:00;true;240.0;0.0;No weather;
2021-03-22 01:56:51;2021-03-22 10:00:35;84%;-1%;;0;1962;Normal;102.3;;7851.9;29023.6;28050.0;180.0;2021-03-22 10:00:00;2021-03-22 10:00:00;true;0.0;0.0;No weather;
2021-03-23 01:28:18;2021-03-23 09:05:43;82%;-1%;;69;1422;Normal;102.4;;12534.7;27444.4;21480.0;180.0;2021-03-23 09:00:00;2021-03-23 09:00:00;true;0.0;0.0;No weather;
2021-03-23 09:17:42;2021-03-23 10:36:02;17%;-2%;;58;261;Normal;102.3;;0.0;4700.3;4020.0;180.0;2021-03-23 10:30:00;2021-03-23 10:30:00;true;0.0;0.0;No weather;
2021-03-24 01:46:38;2021-03-24 07:45:30;63%;43%;;55;4095;Normal;102.1;;6165.1;21532.7;19800.0;270.0;2021-03-24 07:45:00;2021-03-24 07:45:00;true;60.0;0.0;No weather;
2021-03-25 02:58:48;2021-03-25 09:30:54;70%;83%;;57;3856;Normal;101.8;;7287.4;23525.9;21990.0;180.0;2021-03-25 09:30:00;2021-03-25 09:30:00;true;60.0;0.0;No weather;
2021-03-25 23:36:44;2021-03-26 07:35:47;82%;73%;;60;8167;Normal;101.6;;13576.9;28743.5;24060.0;180.0;2021-03-26 07:30:00;2021-03-26 07:30:00;true;420.0;0.0;No weather;
2021-03-26 22:13:02;2021-03-27 08:53:49;77%;70%;;54;3005;Normal;100.9;;10829.4;38447.4;35490.0;180.0;2021-03-27 09:00:00;2021-03-27 09:00:00;true;360.0;0.0;No weather;
2021-03-29 01:48:06;2021-03-29 10:06:13;84%;73%;;60;9049;Normal;102.1;;4421.0;29886.8;28560.0;600.0;2021-03-29 10:00:00;2021-03-29 10:00:00;true;420.0;0.0;No weather;
2021-03-30 00:26:06;2021-03-30 08:00:35;82%;74%;;56;3284;Normal;102.6;;5428.1;27268.7;26460.0;180.0;2021-03-30 08:00:00;2021-03-30 08:00:00;true;60.0;0.0;No weather;
2021-03-31 01:58:36;2021-03-31 09:43:13;82%;76%;;54;5393;Normal;102.2;;5427.9;27876.7;27150.0;180.0;2021-03-31 10:00:00;2021-03-31 10:00:00;true;240.0;0.0;No weather;
2021-03-31 23:52:49;2021-04-01 09:00:23;86%;76%;;54;3209;Normal;101.8;;8667.2;32853.9;30120.0;180.0;2021-04-01 09:00:00;2021-04-01 09:00:00;true;660.0;0.0;No weather;
2021-04-02 01:52:09;2021-04-02 09:35:02;82%;76%;;53;3224;Normal;102.4;;5523.7;27772.6;26580.0;180.0;2021-04-02 10:30:00;2021-04-02 10:30:00;true;120.0;0.0;No weather;
2021-04-03 03:40:58;2021-04-03 11:19:34;82%;75%;;106;9226;Normal;102.4;;11208.9;27516.1;23550.0;570.0;2021-04-03 11:30:00;2021-04-03 11:30:00;true;1020.0;0.0;No weather;
2021-04-05 01:43:26;2021-04-05 05:40:51;37%;54%;;52;4572;Normal;100.8;;1773.6;14244.8;13920.0;180.0;2021-04-05 10:00:00;2021-04-05 10:00:00;true;0.0;0.0;No weather;
2021-04-05 23:27:38;2021-04-06 07:16:06;82%;52%;;55;2980;Normal;101.0;;7952.6;28108.1;25500.0;180.0;2021-04-06 07:15:00;2021-04-06 07:15:00;true;420.0;0.0;No weather;
2021-04-07 02:03:57;2021-04-07 10:29:09;84%;60%;;57;6543;Normal;101.0;;4482.3;30312.2;29340.0;330.0;2021-04-07 10:30:00;2021-04-07 10:30:00;true;180.0;0.0;No weather;
2021-04-08 01:33:40;2021-04-08 09:30:21;82%;69%;;52;5593;Normal;101.9;;6999.2;28600.6;27570.0;210.0;2021-04-08 09:30:00;2021-04-08 09:30:00;true;960.0;0.0;No weather;
2021-04-09 01:21:52;2021-04-09 08:30:36;78%;76%;;54;5772;Normal;101.2;;5557.6;25723.5;24750.0;180.0;2021-04-09 08:30:00;2021-04-09 08:30:00;true;420.0;0.0;No weather;
2021-04-10 02:54:49;2021-04-10 07:46:55;44%;86%;;64;7316;Normal;101.0;;4665.9;17526.3;16650.0;210.0;2021-04-10 07:30:00;2021-04-10 07:30:00;true;480.0;0.0;No weather;
2021-04-11 00:52:23;2021-04-11 09:31:03;85%;80%;;58;4353;Normal;100.7;;4578.8;31120.5;30330.0;180.0;2021-04-11 09:30:00;2021-04-11 09:30:00;true;780.0;0.0;No weather;
2021-04-13 01:09:17;2021-04-13 07:35:44;68%;75%;;0;4119;Normal;102.7;;4104.5;23187.2;22470.0;180.0;2021-04-13 07:30:00;2021-04-13 07:30:00;true;900.0;0.0;No weather;
2021-04-14 04:59:56;2021-04-14 12:16:38;78%;55%;;69;8059;No alarm;102.8;;13536.1;26201.9;23760.0;180.0;;;true;780.0;0.0;No weather;
2021-04-15 00:43:30;2021-04-15 07:31:44;70%;27%;;61;4332;Normal;103.0;;6167.7;24493.6;23460.0;330.0;2021-04-15 07:30:00;2021-04-15 07:30:00;true;840.0;0.0;No weather;
2021-04-16 02:40:09;2021-04-16 08:00:28;61%;45%;;113;6034;Normal;102.8;;5258.1;19218.9;17970.0;480.0;2021-04-16 08:00:00;2021-04-16 08:00:00;true;180.0;0.0;No weather;
2021-04-17 02:49:01;2021-04-17 11:01:00;84%;59%;;0;6870;Normal;102.6;;6253.3;29519.1;28620.0;150.0;2021-04-17 11:00:00;2021-04-17 11:00:00;true;660.0;0.0;No weather;
2021-04-20 00:37:24;2021-04-20 08:16:12;82%;59%;;0;3311;Normal;101.6;;6259.2;27528.7;25020.0;150.0;2021-04-20 08:00:00;2021-04-20 08:00:00;true;600.0;0.0;No weather;
2021-04-22 00:59:44;2021-04-22 09:30:38;85%;87%;;57;1732;Normal;102.1;;7906.4;30653.7;28620.0;180.0;2021-04-22 09:30:00;2021-04-22 09:30:00;true;660.0;0.0;No weather;
2021-04-23 01:06:56;2021-04-23 08:40:48;82%;89%;;57;9463;Normal;102.6;;4609.6;27232.4;26040.0;210.0;2021-04-23 08:30:00;2021-04-23 08:30:00;true;840.0;0.0;No weather;
2021-04-24 03:56:35;2021-04-24 11:20:04;78%;73%;;0;6296;Normal;102.8;;30289.9;26608.7;17520.0;840.0;2021-04-24 11:45:00;2021-04-24 11:45:00;true;1080.0;0.0;No weather;
2021-04-26 00:33:32;2021-04-26 07:30:27;70%;47%;;88;3193;Normal;102.2;;19755.2;25014.8;20280.0;150.0;2021-04-26 07:30:00;2021-04-26 07:30:00;true;660.0;0.0;No weather;
2021-04-26 14:20:20;2021-04-26 15:05:58;12%;-4%;;67;3490;Normal;101.8;;0.0;2738.1;2280.0;180.0;2021-04-26 15:00:00;2021-04-26 15:00:00;true;180.0;0.0;No weather;
2021-04-26 15:06:17;2021-04-26 15:45:45;12%;0%;;65;3561;Normal;101.8;;0.0;2367.9;2040.0;180.0;2021-04-26 15:45:00;2021-04-26 15:45:00;true;120.0;0.0;No weather;
2021-04-27 03:23:29;2021-04-27 09:51:07;68%;48%;;0;4797;Normal;101.1;;6421.7;23258.0;22200.0;180.0;2021-04-27 11:30:00;2021-04-27 11:30:00;true;840.0;0.0;No weather;
2021-04-28 01:08:00;2021-04-28 06:46:15;63%;56%;;0;6321;Normal;100.5;;7641.2;20295.0;17790.0;900.0;2021-04-28 09:00:00;2021-04-28 09:00:00;true;660.0;0.0;No weather;
2021-04-30 02:15:21;2021-04-30 10:30:26;84%;58%;;63;5507;Normal;100.8;;5062.4;29704.7;28110.0;150.0;2021-04-30 10:30:00;2021-04-30 10:30:00;true;903.6;0.0;No weather;
2021-05-01 01:38:09;2021-05-01 10:09:55;85%;76%;;59;6059;Normal;101.1;;5982.8;30705.6;29460.0;210.0;2021-05-01 10:00:00;2021-05-01 10:30:00;true;176.1;0.0;No weather;
2021-05-04 01:33:40;2021-05-04 08:16:18;70%;84%;;0;5591;Normal;99.6;;5506.6;24157.4;23190.0;150.0;2021-05-04 08:00:00;2021-05-04 08:00:00;true;600.0;0.0;No weather;
2021-05-05 01:42:05;2021-05-05 10:00:29;84%;84%;;0;7508;Normal;99.6;;8087.8;29904.0;28890.0;150.0;2021-05-05 10:00:00;2021-05-05 10:00:00;true;1039.7;0.0;No weather;
2021-05-06 01:45:52;2021-05-06 02:19:01;12%;60%;;0;0;Normal;100.5;;0.0;1989.6;0.0;0.0;2021-05-06 10:00:00;2021-05-06 10:00:00;false;0.0;0.0;No weather;
2021-05-06 02:19:16;2021-05-06 09:29:29;78%;87%;;54;5648;Normal;100.5;;9438.1;25813.4;21480.0;2070.0;2021-05-06 10:00:00;2021-05-06 10:00:00;true;1132.5;0.0;No weather;
2021-05-07 01:03:54;2021-05-07 08:31:00;78%;85%;;55;8217;Normal;100.5;;10438.0;26826.3;24300.0;180.0;2021-05-07 08:30:00;2021-05-07 08:30:00;true;863.5;0.0;No weather;
2021-05-08 00:18:04;2021-05-08 01:02:57;12%;68%;;61;7418;Normal;101.5;;0.0;2693.0;960.0;180.0;2021-05-08 09:30:00;2021-05-08 09:30:00;true;0.0;0.0;No weather;
2021-05-08 03:38:24;2021-05-08 12:01:04;84%;74%;;0;7557;Normal;101.3;;9846.5;30160.1;28320.0;150.0;2021-05-08 12:00:00;2021-05-08 12:00:00;true;67.8;0.0;No weather;
2021-05-10 00:29:29;2021-05-10 07:30:30;78%;43%;;0;8365;Normal;99.7;;7712.9;25261.0;24000.0;240.0;2021-05-10 07:30:00;2021-05-10 07:30:00;true;1304.1;0.0;No weather;
2021-05-12 01:04:56;2021-05-12 09:30:48;84%;78%;;99;7451;Normal;100.7;;8328.2;30351.5;28290.0;180.0;2021-05-12 09:30:00;2021-05-12 09:30:00;true;2820.1;0.0;No weather;
2021-05-13 02:04:43;2021-05-13 10:30:33;84%;81%;;55;4468;Normal;100.7;;5240.0;30350.0;29130.0;180.0;2021-05-13 10:30:00;2021-05-13 10:30:00;true;406.6;0.0;No weather;
2021-05-14 01:57:26;2021-05-14 10:01:28;84%;89%;;58;6205;Normal;100.4;;8199.9;29042.3;26790.0;180.0;2021-05-14 10:00:00;2021-05-14 10:00:00;true;1751.2;0.0;No weather;
2021-05-16 02:59:12;2021-05-16 10:40:55;83%;90%;;66;5511;Normal;99.6;;35.6;27703.2;23824.8;1569.8;2021-05-16 10:30:00;2021-05-16 10:30:00;true;1505.8;0.0;No weather;
2021-05-19 00:50:20;2021-05-19 09:30:47;94%;72%;;58;6546;Normal;101.2;;33.9;31227.8;30603.3;624.6;2021-05-19 09:30:00;2021-05-19 09:30:00;true;318.0;0.0;No weather;
2021-05-20 02:14:02;2021-05-20 09:57:05;83%;85%;;58;4569;Normal;101.7;;45.6;27782.9;25004.6;1574.4;2021-05-20 10:00:00;2021-05-20 10:00:00;true;2947.8;0.0;No weather;
2021-05-21 01:14:04;2021-05-21 08:30:21;78%;82%;;55;6484;Normal;100.2;;24.2;26177.1;22163.3;2792.2;2021-05-21 08:30:00;2021-05-21 08:30:00;true;619.8;0.0;No weather;
2021-05-28 00:51:01;2021-05-28 08:36:34;84%;0%;;61;8163;Normal;102.1;;36.0;27933.4;23743.4;3631.3;2021-05-28 08:30:00;2021-05-28 08:30:00;true;557.5;0.0;No weather;
2021-05-29 02:11:57;2021-05-29 10:45:47;92%;71%;;57;9464;Normal;102.2;;38.9;30830.7;23534.1;3391.4;2021-05-29 10:45:00;2021-05-29 10:45:00;true;2122.5;0.0;No weather;
2021-06-01 00:35:13;2021-06-01 08:36:16;86%;69%;;0;5944;Normal;101.7;;54.5;28862.8;23859.9;4425.6;2021-06-01 08:30:00;2021-06-01 08:30:00;true;1988.9;0.0;No weather;
2021-06-02 01:08:13;2021-06-02 09:46:27;93%;86%;;54;8091;Normal;101.3;;38.0;31094.7;26015.9;621.9;2021-06-02 09:30:00;2021-06-02 09:30:00;true;2697.0;0.0;No weather;
2021-06-03 00:36:40;2021-06-03 09:06:28;92%;88%;;0;7117;Normal;101.2;;56.5;30588.2;25796.1;611.8;2021-06-03 09:00:00;2021-06-03 09:00:00;true;2073.3;0.0;No weather;
2021-06-04 00:36:22;2021-06-04 08:40:40;87%;91%;;0;6579;Normal;101.8;;32.1;29057.3;27507.6;581.1;2021-06-04 08:30:00;2021-06-04 08:30:00;true;2392.2;0.0;No weather;
2021-06-07 00:56:51;2021-06-07 09:11:19;89%;93%;;55;5970;Normal;102.2;;52.7;29668.7;26108.5;593.4;2021-06-07 09:00:00;2021-06-07 09:00:00;true;206.3;0.0;No weather;
2021-06-08 00:18:13;2021-06-08 08:35:46;89%;90%;;51;9114;Normal;102.1;;49.0;29852.5;23583.5;597.0;2021-06-08 08:30:00;2021-06-08 08:30:00;true;584.1;0.0;No weather;
2021-06-09 00:28:37;2021-06-09 08:41:01;88%;94%;;54;8403;Normal;102.0;;76.0;29544.2;25506.5;590.9;2021-06-09 08:30:00;2021-06-09 08:30:00;true;581.3;0.0;No weather;
2021-06-10 01:01:14;2021-06-10 09:41:39;93%;92%;;0;11446;Normal;101.9;;74.6;31224.8;26853.3;624.5;2021-06-10 09:30:00;2021-06-10 09:30:00;true;1035.0;0.0;No weather;
2021-06-11 00:45:21;2021-06-11 07:30:41;73%;88%;;0;7209;Normal;101.7;;57.2;24320.4;20023.8;1945.6;2021-06-11 07:30:00;2021-06-11 07:30:00;true;1381.5;0.0;No weather;
2021-06-12 02:38:43;2021-06-12 12:18:41;97%;70%;;54;15842;No alarm;101.5;;43.3;34797.5;30041.8;695.9;;;true;3404.3;0.0;No weather;
2021-06-13 05:52:31;2021-06-13 10:30:30;50%;61%;;61;12252;Normal;102.4;;172.0;16679.5;13844.0;333.6;2021-06-13 10:30:00;2021-06-13 10:30:00;true;1974.8;0.0;No weather;
2021-06-15 23:58:46;2021-06-16 08:30:27;92%;34%;;0;11340;Normal;101.6;;29.9;30701.6;29064.2;614.0;2021-06-16 08:30:00;2021-06-16 08:30:00;true;3649.4;0.0;No weather;
2021-06-17 01:06:43;2021-06-17 09:31:00;91%;82%;;53;6645;Normal;100.8;;18.1;30256.6;27130.1;1815.4;2021-06-17 09:30:00;2021-06-17 09:30:00;true;266.0;0.0;No weather;
2021-06-18 00:31:29;2021-06-18 09:01:04;91%;87%;;0;5791;Normal;101.1;;51.1;30575.3;25377.5;3771.0;2021-06-18 09:00:00;2021-06-18 09:00:00;true;2202.7;0.0;No weather;
2021-06-21 23:34:52;2021-06-22 08:35:35;97%;0%;;50;5140;Normal;101.2;;58.1;32443.1;29090.7;648.9;2021-06-22 08:30:00;2021-06-22 08:30:00;true;1093.6;0.0;No weather;
2021-06-23 01:08:28;2021-06-23 01:48:58;12%;31%;;0;0;Normal;101.8;;0.0;2430.5;0.0;0.0;2021-06-23 09:30:00;2021-06-23 09:30:00;false;0.0;0.0;No weather;
2021-06-23 01:49:34;2021-06-23 10:10:40;85%;68%;;48;8223;Normal;101.8;;5011.7;30066.1;22549.6;3207.1;2021-06-23 10:00:00;2021-06-23 10:00:00;true;2589.9;0.0;No weather;
2021-06-24 02:02:27;2021-06-24 09:58:01;82%;82%;;0;0;Normal;102.0;;6071.4;28534.9;23684.0;570.7;2021-06-24 10:00:00;2021-06-24 10:00:00;false;0.0;0.0;No weather;
2021-06-25 00:03:32;2021-06-25 08:36:11;86%;79%;;62;5121;Normal;101.7;;14775.6;30759.7;26350.8;615.2;2021-06-25 08:30:00;2021-06-25 08:30:00;true;2568.3;0.0;No weather;
2021-06-26 01:32:16;2021-06-26 10:00:32;85%;82%;;54;6056;Normal;101.5;;9041.1;30496.3;27650.0;609.9;2021-06-26 10:00:00;2021-06-26 10:00:00;true;1696.0;0.0;No weather;
2021-06-27 05:11:19;2021-06-27 13:00:20;82%;64%;;70;14287;Normal;101.5;;6305.4;28141.6;25984.1;562.8;2021-06-27 13:00:00;2021-06-27 13:00:00;true;10071.1;0.0;No weather;
2021-06-29 00:56:59;2021-06-29 06:06:11;61%;26%;;0;3204;Normal;101.0;;2518.6;18551.8;14532.3;1917.0;2021-06-29 07:15:00;2021-06-29 07:15:00;true;2856.0;0.0;No weather;
2021-06-29 06:08:54;2021-06-29 07:15:26;17%;-30%;;0;30;Normal;100.9;;0.0;3991.2;0.0;0.0;2021-06-29 07:15:00;2021-06-29 07:15:00;true;120.0;0.0;No weather;
2021-06-29 07:15:38;2021-06-29 07:41:10;6%;0%;;0;30;Normal;100.9;;0.0;1531.3;0.0;0.0;2021-06-29 07:35:00;2021-06-29 07:35:00;true;0.0;0.0;No weather;
2021-06-30 00:41:39;2021-06-30 09:30:58;86%;38%;;57;8857;Normal;100.9;;5782.3;31758.3;29641.1;635.2;2021-06-30 09:30:00;2021-06-30 09:30:00;true;3623.5;0.0;No weather;
2021-07-01 01:57:37;2021-07-01 10:32:59;86%;75%;;51;6356;Normal;101.1;;4295.8;30922.4;27521.0;1133.8;2021-07-01 10:30:00;2021-07-01 10:30:00;true;2649.3;0.0;No weather;
2021-07-02 00:38:58;2021-07-02 07:45:45;78%;72%;;0;6243;Normal;101.3;;17452.2;25607.2;22875.8;512.1;2021-07-02 07:45:00;2021-07-02 07:45:00;true;488.6;0.0;No weather;
2021-07-02 07:45:58;2021-07-02 08:01:23;6%;35%;;0;397;Normal;101.3;;0.0;924.5;0.0;0.0;2021-07-02 07:55:00;2021-07-02 07:55:00;true;0.0;0.0;No weather;
2021-07-03 07:42:27;2021-07-03 14:34:29;71%;23%;;0;4448;No alarm;101.3;;4411.8;24721.8;22084.8;494.4;;;true;1246.2;0.0;No weather;
2021-07-04 01:24:24;2021-07-04 10:00:43;86%;-14%;;55;7000;Normal;100.9;;8361.3;30978.3;28706.5;619.6;2021-07-04 10:00:00;2021-07-04 10:00:00;true;7843.1;0.0;No weather;
2021-07-08 01:31:06;2021-07-08 10:00:33;85%;0%;;49;8682;Normal;101.6;;9941.4;30566.7;27306.2;611.3;2021-07-08 10:00:00;2021-07-08 10:00:00;true;5631.8;0.0;No weather;
2021-07-09 00:27:57;2021-07-09 08:15:54;82%;77%;;52;3675;Normal;101.9;;9761.2;28076.8;25362.7;561.5;2021-07-09 08:00:00;2021-07-09 08:00:00;true;3237.2;0.0;No weather;
2021-07-09 16:08:31;2021-07-09 17:40:58;22%;14%;;61;1265;Normal;101.8;;3792.3;5547.2;0.0;0.0;2021-07-09 18:00:00;2021-07-09 18:00:00;true;1010.4;0.0;No weather;
2021-07-10 01:59:25;2021-07-10 10:37:06;86%;72%;;0;8506;Normal;101.7;;10001.4;31061.5;26505.8;2070.8;2021-07-10 10:30:00;2021-07-10 10:30:00;true;3985.2;0.0;No weather;
2021-07-10 10:37:21;2021-07-10 11:16:42;12%;37%;;0;80;Normal;101.4;;0.0;2360.6;0.0;0.0;2021-07-10 11:00:00;2021-07-10 11:00:00;true;60.0;0.0;No weather;
2021-07-13 00:58:45;2021-07-13 08:03:46;78%;-40%;;0;9864;Normal;100.7;;3725.5;25501.0;18360.7;1700.1;2021-07-13 08:00:00;2021-07-13 08:00:00;true;8033.2;0.0;No weather;
2021-07-14 01:15:32;2021-07-14 11:17:05;79%;12%;;49;9546;No alarm;100.9;;8611.4;36092.2;33084.5;721.8;;;true;3223.4;0.0;No weather;
2021-07-14 23:35:25;2021-07-15 01:45:25;23%;39%;;0;0;Normal;101.1;;215.8;7800.4;4030.2;156.0;2021-07-15 09:00:00;2021-07-15 09:00:00;false;0.0;0.0;No weather;
2021-07-15 01:46:06;2021-07-15 10:30:26;95%;80%;;52;3921;Normal;101.1;;119.4;31459.7;25377.5;6082.2;2021-07-15 10:30:00;2021-07-15 10:30:00;true;380.2;0.0;No weather;
2021-07-16 00:59:16;2021-07-16 09:35:27;93%;82%;;55;4422;Normal;101.8;;29.5;30971.0;24467.1;4232.7;2021-07-16 09:30:00;2021-07-16 09:30:00;true;3186.3;0.0;No weather;
2021-07-18 01:03:40;2021-07-18 11:09:42;98%;86%;;54;5056;No alarm;102.3;;38.7;36362.6;28968.8;3757.5;;;true;2287.1;0.0;No weather;
2021-07-20 01:28:59;2021-07-20 08:01:00;71%;70%;;51;6811;Normal;101.9;;41.1;23521.2;19052.1;1803.3;2021-07-20 08:00:00;2021-07-20 08:00:00;true;2435.7;0.0;No weather;
2021-07-21 01:20:33;2021-07-21 07:01:40;62%;80%;;50;7652;Normal;102.0;;39.0;20466.8;20057.5;409.3;2021-07-21 09:40:00;2021-07-21 09:40:00;true;3974.5;0.0;No weather;
2021-07-21 08:12:19;2021-07-21 09:40:50;16%;13%;;85;134;Normal;102.0;;0.0;5311.2;5204.9;106.2;2021-07-21 09:40:00;2021-07-21 09:40:00;true;0.0;0.0;No weather;
2021-07-21 23:54:11;2021-07-22 08:30:47;93%;83%;;81;9549;Normal;102.1;;57.4;30996.4;25107.1;4339.5;2021-07-22 08:30:00;2021-07-22 08:30:00;true;3724.7;0.0;No weather;
2021-07-22 23:55:09;2021-07-23 08:00:17;88%;87%;;58;10985;Normal;101.8;;34.8;29108.0;26488.3;1552.4;2021-07-23 08:00:00;2021-07-23 08:00:00;true;1760.3;0.0;No weather;
2021-07-24 03:20:44;2021-07-24 11:45:59;91%;70%;;0;10613;Normal;101.0;;32.8;30314.6;28192.6;606.3;2021-07-24 11:45:00;2021-07-24 11:45:00;true;3085.7;0.0;No weather;
2021-07-25 02:44:46;2021-07-25 10:16:03;82%;73%;;56;5691;Normal;100.5;;37.6;27077.1;26535.5;541.5;2021-07-25 10:15:00;2021-07-25 10:15:00;true;1853.5;0.0;No weather;
2021-07-26 00:56:31;2021-07-26 09:21:14;91%;67%;;56;6672;Normal;100.6;;34.4;30283.1;29172.7;1110.4;2021-07-26 09:15:00;2021-07-26 09:15:00;true;2726.3;0.0;No weather;
2021-07-27 00:40:59;2021-07-27 08:05:35;80%;82%;;55;6471;Normal;100.8;;26.0;26676.5;22319.3;3823.6;2021-07-27 08:00:00;2021-07-27 08:00:00;true;1840.0;0.0;No weather;
2021-07-28 02:19:12;2021-07-28 09:44:42;80%;79%;;0;7427;Normal;100.6;;33.9;26729.8;25660.6;534.6;2021-07-28 10:30:00;2021-07-28 10:30:00;true;1985.9;0.0;No weather;
2021-07-30 00:21:32;2021-07-30 08:10:06;85%;72%;;55;7234;Normal;100.7;;49.5;28114.0;24365.5;562.3;2021-07-30 08:00:00;2021-07-30 08:00:00;true;3254.7;0.0;No weather;
2021-08-03 01:14:28;2021-08-03 08:05:29;74%;0%;;50;6457;Normal;101.2;;32.8;24660.6;19728.5;4110.1;2021-08-03 08:00:00;2021-08-03 08:00:00;true;4746.5;0.0;No weather;
2021-08-03 23:56:16;2021-08-04 08:15:16;90%;88%;;54;7151;Normal;101.1;;35.6;29939.4;24949.5;2494.9;2021-08-04 08:15:00;2021-08-04 08:15:00;true;4170.2;0.0;No weather;
2021-08-05 23:35:25;2021-08-06 08:10:46;93%;92%;;61;8541;Normal;100.0;;88.0;30920.6;26797.8;618.4;2021-08-06 08:00:00;2021-08-06 08:00:00;true;10612.1;0.0;No weather;
2021-08-11 01:35:35;2021-08-11 08:00:21;69%;0%;;0;15822;Normal;101.4;;26.2;23086.2;19315.5;3770.7;2021-08-11 08:00:00;2021-08-11 08:00:00;true;2120.0;0.0;No weather;
2021-08-12 01:39:22;2021-08-12 10:00:46;90%;83%;;51;9728;Normal;101.6;;48.1;30083.8;27777.4;601.7;2021-08-12 10:00:00;2021-08-12 10:00:00;true;5220.4;0.0;No weather;
2021-08-13 00:51:10;2021-08-13 08:15:52;80%;81%;;56;8252;Normal;101.6;;38.2;26681.6;23746.6;533.6;2021-08-13 08:15:00;2021-08-13 08:15:00;true;3495.3;0.0;No weather;
2021-08-18 00:39:44;2021-08-18 09:15:16;93%;0%;;99;12135;Normal;101.2;;35.0;30931.1;24332.4;618.6;2021-08-18 09:15:00;2021-08-18 09:15:00;true;1259.5;0.0;No weather;
2021-08-18 23:45:02;2021-08-19 07:55:20;88%;81%;;57;5942;Normal;101.0;;37.9;29418.9;25986.7;588.4;2021-08-19 08:45:00;2021-08-19 08:45:00;true;4215.7;0.0;No weather;
2021-08-23 00:25:07;2021-08-23 09:00:47;93%;0%;;50;4629;Normal;101.6;;27.1;30940.0;29496.1;1443.9;2021-08-23 09:00:00;2021-08-23 09:00:00;true;1650.3;0.0;No weather;
2021-08-24 01:05:05;2021-08-24 08:05:17;76%;87%;;51;5812;Normal;102.5;;44.4;25211.8;22186.4;504.2;2021-08-24 08:00:00;2021-08-24 08:00:00;true;3779.0;0.0;No weather;
2021-08-25 02:09:12;2021-08-25 10:27:00;90%;79%;;51;8295;Normal;102.5;;37.5;29868.1;28374.7;597.4;2021-08-25 10:30:00;2021-08-25 10:30:00;true;872.7;0.0;No weather;
2021-08-27 00:26:10;2021-08-27 07:20:44;75%;66%;;0;7268;Normal;101.6;;47.1;24873.8;18987.0;497.5;2021-08-27 08:30:00;2021-08-27 08:30:00;true;2161.1;0.0;No weather;
2021-08-27 12:10:09;2021-08-27 13:30:09;17%;3%;;73;702;Normal;101.6;;0.0;4800.0;3232.0;96.0;2021-08-27 13:30:00;2021-08-27 13:30:00;true;0.0;0.0;No weather;
2021-08-29 23:37:26;2021-08-30 08:42:49;90%;-44%;;56;3671;Normal;101.8;;56.8;32723.1;29996.2;654.5;2021-08-30 09:00:00;2021-08-30 09:00:00;true;5885.8;0.0;No weather;
2021-08-31 23:40:29;2021-09-01 09:07:10;100%;96%;;54;7465;Normal;102.5;;26.8;34001.8;33321.8;680.0;2021-09-01 09:00:00;2021-09-01 09:30:00;true;1434.8;0.0;No weather;
2021-09-01 23:49:52;2021-09-02 08:22:11;98%;94%;;60;9714;Normal;102.6;;30.6;30738.3;27971.8;614.8;2021-09-02 09:00:00;2021-09-02 09:30:00;true;1083.5;0.0;No weather;
2021-09-02 23:34:28;2021-09-03 08:00:20;84%;94%;;51;5598;Normal;102.3;;57.3;30351.9;27316.7;607.0;2021-09-03 08:00:00;2021-09-03 08:00:00;true;3822.2;0.0;No weather;